﻿pos_x,pos_y,rotation,side,designator,mpn,pack,footprint,value,mount_type
138.46,-101.45,-90.0,top,C1,,,C_0805_2012Metric,1uF,smt
145.09,-101.42,-90.0,top,C2,,,C_0805_2012Metric,1uF,smt
132.93,-96.67,-135.0,top,C3,,,C_0603_1608Metric,4.7uF,smt
135.19,-96.66,-135.0,top,C4,,,C_0603_1608Metric,100nF,smt
149.76,-91.63,0.0,top,D1,,,LED_0603_1608Metric,NCD0603R1,smt
149.78,-102.24,0.0,top,D2,,,LED_0603_1608Metric,NCD0603R1,smt
126.14,-96.93,-90.0,top,J1,,,USB_C_Receptacle_GCT_USB4105-xx-A_16P_TopMnt_Horizontal,USB_C_Receptacle_USB2.0_14P,smt
153.0,-94.26,0.0,top,J2,,,PinHeader_2x03_P2.54mm_Horizontal,PH2.54-07-03PWS,tht
147.0875,-93.06,0.0,top,Q1,,,SOT-23,MMBT3904,smt
147.97,-98.59,-90.0,top,Q2,,,SOT-23,MMBT3904,smt
134.3,-94.2,0.0,top,R1,,,R_0603_1608Metric,10,smt
131.85,-92.475,90.0,top,R10,,,R_0603_1608Metric,5.1k,smt
131.775,-101.325,-90.0,top,R11,,,R_0603_1608Metric,5.1k,smt
134.3,-92.675,0.0,top,R2,,,R_0603_1608Metric,10,smt
133.575,-99.275,-45.0,top,R3,,,R_0603_1608Metric,21.1k,smt
135.775,-99.3,-45.0,top,R4,,,R_0603_1608Metric,47.5k,smt
136.825,-98.225,-45.0,top,R5,,,R_0603_1608Metric,1k,smt
152.85,-91.63,0.0,top,R6,,,R_0603_1608Metric,330,smt
152.86,-102.26,0.0,top,R7,,,R_0603_1608Metric,330,smt
143.16,-91.74,0.0,top,R8,,,R_0603_1608Metric,10k,smt
147.8975,-95.63,0.0,top,R9,,,R_0603_1608Metric,10k,smt
140.3,-95.7,-45.0,top,U1,,,QFN-28-1EP_5x5mm_P0.5mm_EP3.35x3.35mm,CP2102N-A02-GQFN28R,smt
141.75,-101.4375,0.0,top,U2,,,SC-74A-5_1.55x2.9mm_P0.95mm,AP2112K-3.3,smt
